{
  "mean": [
    0.47309255599975586,
    0.461447536945343,
    0.3253585696220398
  ],
  "std": [
    0.2677652835845947,
    0.2559818625450134,
    0.2647114396095276
  ]
}